--
-- PostgreSQL database dump
--

-- Dumped from database version 16.2 (Debian 16.2-1.pgdg120+2)
-- Dumped by pg_dump version 16.2 (Debian 16.2-1.pgdg120+2)

SET statement_timeout = 0;
SET lock_timeout = 0;
SET idle_in_transaction_session_timeout = 0;
SET client_encoding = 'UTF8';
SET standard_conforming_strings = on;
SELECT pg_catalog.set_config('search_path', '', false);
SET check_function_bodies = false;
SET xmloption = content;
SET client_min_messages = warning;
SET row_security = off;

SET default_tablespace = '';

SET default_table_access_method = heap;

--
-- Name: alembic_version; Type: TABLE; Schema: public; Owner: postgres
--

CREATE TABLE public.alembic_version (
    version_num character varying(32) NOT NULL
);


ALTER TABLE public.alembic_version OWNER TO postgres;

--
-- Name: history; Type: TABLE; Schema: public; Owner: postgres
--

CREATE TABLE public.history (
    id integer NOT NULL,
    person_id integer NOT NULL,
    location_id integer NOT NULL,
    timestamps timestamp without time zone
);


ALTER TABLE public.history OWNER TO postgres;

--
-- Name: history_id_seq; Type: SEQUENCE; Schema: public; Owner: postgres
--

CREATE SEQUENCE public.history_id_seq
    AS integer
    START WITH 1
    INCREMENT BY 1
    NO MINVALUE
    NO MAXVALUE
    CACHE 1;


ALTER SEQUENCE public.history_id_seq OWNER TO postgres;

--
-- Name: history_id_seq; Type: SEQUENCE OWNED BY; Schema: public; Owner: postgres
--

ALTER SEQUENCE public.history_id_seq OWNED BY public.history.id;


--
-- Name: locations; Type: TABLE; Schema: public; Owner: postgres
--

CREATE TABLE public.locations (
    id integer NOT NULL,
    latitude double precision NOT NULL,
    longitude double precision NOT NULL
);


ALTER TABLE public.locations OWNER TO postgres;

--
-- Name: locations_id_seq; Type: SEQUENCE; Schema: public; Owner: postgres
--

CREATE SEQUENCE public.locations_id_seq
    AS integer
    START WITH 1
    INCREMENT BY 1
    NO MINVALUE
    NO MAXVALUE
    CACHE 1;


ALTER SEQUENCE public.locations_id_seq OWNER TO postgres;

--
-- Name: locations_id_seq; Type: SEQUENCE OWNED BY; Schema: public; Owner: postgres
--

ALTER SEQUENCE public.locations_id_seq OWNED BY public.locations.id;


--
-- Name: people; Type: TABLE; Schema: public; Owner: postgres
--

CREATE TABLE public.people (
    id integer NOT NULL,
    current_location_id integer,
    current_road_id integer,
    current_speed integer,
    login character varying NOT NULL,
    password character varying NOT NULL
);


ALTER TABLE public.people OWNER TO postgres;

--
-- Name: people_id_seq; Type: SEQUENCE; Schema: public; Owner: postgres
--

CREATE SEQUENCE public.people_id_seq
    AS integer
    START WITH 1
    INCREMENT BY 1
    NO MINVALUE
    NO MAXVALUE
    CACHE 1;


ALTER SEQUENCE public.people_id_seq OWNER TO postgres;

--
-- Name: people_id_seq; Type: SEQUENCE OWNED BY; Schema: public; Owner: postgres
--

ALTER SEQUENCE public.people_id_seq OWNED BY public.people.id;


--
-- Name: positions; Type: TABLE; Schema: public; Owner: postgres
--

CREATE TABLE public.positions (
    id integer NOT NULL,
    latitude double precision NOT NULL,
    longitude double precision NOT NULL
);


ALTER TABLE public.positions OWNER TO postgres;

--
-- Name: positions_id_seq; Type: SEQUENCE; Schema: public; Owner: postgres
--

CREATE SEQUENCE public.positions_id_seq
    AS integer
    START WITH 1
    INCREMENT BY 1
    NO MINVALUE
    NO MAXVALUE
    CACHE 1;


ALTER SEQUENCE public.positions_id_seq OWNER TO postgres;

--
-- Name: positions_id_seq; Type: SEQUENCE OWNED BY; Schema: public; Owner: postgres
--

ALTER SEQUENCE public.positions_id_seq OWNED BY public.positions.id;


--
-- Name: regions; Type: TABLE; Schema: public; Owner: postgres
--

CREATE TABLE public.regions (
    id integer NOT NULL,
    name character varying NOT NULL
);


ALTER TABLE public.regions OWNER TO postgres;

--
-- Name: regions_id_seq; Type: SEQUENCE; Schema: public; Owner: postgres
--

CREATE SEQUENCE public.regions_id_seq
    AS integer
    START WITH 1
    INCREMENT BY 1
    NO MINVALUE
    NO MAXVALUE
    CACHE 1;


ALTER SEQUENCE public.regions_id_seq OWNER TO postgres;

--
-- Name: regions_id_seq; Type: SEQUENCE OWNED BY; Schema: public; Owner: postgres
--

ALTER SEQUENCE public.regions_id_seq OWNED BY public.regions.id;


--
-- Name: roads; Type: TABLE; Schema: public; Owner: postgres
--

CREATE TABLE public.roads (
    id integer NOT NULL,
    name character varying NOT NULL,
    start_position integer NOT NULL,
    end_position integer NOT NULL,
    region_id integer NOT NULL,
    traffic_rate double precision NOT NULL,
    max_speed integer NOT NULL,
    average_speed integer NOT NULL,
    max_num_of_cars integer NOT NULL
);


ALTER TABLE public.roads OWNER TO postgres;

--
-- Name: roads_id_seq; Type: SEQUENCE; Schema: public; Owner: postgres
--

CREATE SEQUENCE public.roads_id_seq
    AS integer
    START WITH 1
    INCREMENT BY 1
    NO MINVALUE
    NO MAXVALUE
    CACHE 1;


ALTER SEQUENCE public.roads_id_seq OWNER TO postgres;

--
-- Name: roads_id_seq; Type: SEQUENCE OWNED BY; Schema: public; Owner: postgres
--

ALTER SEQUENCE public.roads_id_seq OWNED BY public.roads.id;


--
-- Name: traffic_history; Type: TABLE; Schema: public; Owner: postgres
--

CREATE TABLE public.traffic_history (
    "timestamp" timestamp without time zone,
    id integer NOT NULL,
    road_id integer NOT NULL,
    average_speed integer NOT NULL,
    traffic_rate integer NOT NULL
);


ALTER TABLE public.traffic_history OWNER TO postgres;

--
-- Name: traffic_history_id_seq; Type: SEQUENCE; Schema: public; Owner: postgres
--

CREATE SEQUENCE public.traffic_history_id_seq
    AS integer
    START WITH 1
    INCREMENT BY 1
    NO MINVALUE
    NO MAXVALUE
    CACHE 1;


ALTER SEQUENCE public.traffic_history_id_seq OWNER TO postgres;

--
-- Name: traffic_history_id_seq; Type: SEQUENCE OWNED BY; Schema: public; Owner: postgres
--

ALTER SEQUENCE public.traffic_history_id_seq OWNED BY public.traffic_history.id;


--
-- Name: history id; Type: DEFAULT; Schema: public; Owner: postgres
--

ALTER TABLE ONLY public.history ALTER COLUMN id SET DEFAULT nextval('public.history_id_seq'::regclass);


--
-- Name: locations id; Type: DEFAULT; Schema: public; Owner: postgres
--

ALTER TABLE ONLY public.locations ALTER COLUMN id SET DEFAULT nextval('public.locations_id_seq'::regclass);


--
-- Name: people id; Type: DEFAULT; Schema: public; Owner: postgres
--

ALTER TABLE ONLY public.people ALTER COLUMN id SET DEFAULT nextval('public.people_id_seq'::regclass);


--
-- Name: positions id; Type: DEFAULT; Schema: public; Owner: postgres
--

ALTER TABLE ONLY public.positions ALTER COLUMN id SET DEFAULT nextval('public.positions_id_seq'::regclass);


--
-- Name: regions id; Type: DEFAULT; Schema: public; Owner: postgres
--

ALTER TABLE ONLY public.regions ALTER COLUMN id SET DEFAULT nextval('public.regions_id_seq'::regclass);


--
-- Name: roads id; Type: DEFAULT; Schema: public; Owner: postgres
--

ALTER TABLE ONLY public.roads ALTER COLUMN id SET DEFAULT nextval('public.roads_id_seq'::regclass);


--
-- Name: traffic_history id; Type: DEFAULT; Schema: public; Owner: postgres
--

ALTER TABLE ONLY public.traffic_history ALTER COLUMN id SET DEFAULT nextval('public.traffic_history_id_seq'::regclass);


--
-- Data for Name: alembic_version; Type: TABLE DATA; Schema: public; Owner: postgres
--

COPY public.alembic_version (version_num) FROM stdin;
e4b8af5b5645
\.


--
-- Data for Name: history; Type: TABLE DATA; Schema: public; Owner: postgres
--

COPY public.history (id, person_id, location_id, timestamps) FROM stdin;
32	1	39	2024-04-30 19:50:28.554486
33	1	40	2024-04-30 19:50:30.58593
34	1	41	2024-04-30 19:50:47.750282
35	1	42	2024-04-30 19:50:49.788917
36	1	43	2024-04-30 19:50:52.837452
37	1	44	2024-04-30 19:50:56.876442
38	1	45	2024-04-30 19:50:57.886812
39	1	46	2024-04-30 19:50:58.893325
40	1	47	2024-04-30 19:51:11.032902
41	1	48	2024-04-30 19:51:14.061326
42	1	49	2024-04-30 19:51:15.069474
43	1	50	2024-04-30 19:51:21.153788
44	1	51	2024-04-30 19:51:28.245025
45	1	52	2024-04-30 19:51:45.49732
46	1	53	2024-04-30 19:51:50.535527
47	1	54	2024-04-30 19:51:56.626925
48	1	55	2024-04-30 19:51:58.644543
49	1	56	2024-04-30 19:52:01.68502
50	1	57	2024-04-30 19:52:04.71363
51	1	58	2024-04-30 19:52:08.746309
52	1	59	2024-04-30 19:52:09.75262
53	1	60	2024-04-30 19:52:11.771768
54	1	61	2024-04-30 19:52:19.848577
55	1	62	2024-04-30 19:52:26.929878
56	1	63	2024-04-30 19:52:27.955028
57	1	64	2024-04-30 19:52:29.968216
58	1	65	2024-04-30 19:52:30.973552
59	1	66	2024-04-30 19:52:35.08659
60	1	67	2024-04-30 19:52:37.100988
61	1	68	2024-04-30 19:52:41.139446
62	1	69	2024-04-30 19:52:42.155295
63	1	70	2024-04-30 19:52:50.220596
64	1	71	2024-04-30 19:52:53.236086
65	1	72	2024-04-30 19:52:55.247486
66	1	73	2024-04-30 19:53:12.445148
67	1	74	2024-04-30 19:53:17.517638
68	1	75	2024-04-30 19:53:18.52519
69	1	76	2024-04-30 19:53:22.57314
70	1	77	2024-04-30 19:53:25.612721
71	1	78	2024-04-30 19:53:36.691452
72	1	79	2024-04-30 19:53:38.745243
73	1	80	2024-04-30 19:53:41.780462
74	1	81	2024-04-30 19:53:48.831643
75	1	82	2024-04-30 19:53:50.853367
76	1	83	2024-04-30 19:54:14.061785
77	1	84	2024-04-30 19:54:23.180359
78	1	85	2024-04-30 19:54:26.200672
79	1	86	2024-04-30 19:54:27.218827
80	1	87	2024-04-30 19:54:29.231273
81	1	88	2024-04-30 19:54:31.252948
82	1	89	2024-04-30 19:54:36.309501
83	1	90	2024-04-30 19:54:37.319427
84	1	91	2024-04-30 19:54:41.355474
85	1	92	2024-04-30 19:54:45.388503
86	1	93	2024-04-30 19:54:55.487461
87	1	94	2024-04-30 19:54:56.499484
88	1	95	2024-05-02 14:48:51.874642
89	1	96	2024-05-02 14:48:43.813539
90	1	97	2024-05-02 14:48:52.883213
91	1	98	2024-05-02 14:49:01.968002
92	1	99	2024-05-02 14:48:46.840515
93	1	100	2024-05-02 16:39:56.510304
94	1	101	2024-05-02 16:40:03.586043
95	1	102	2024-05-02 16:40:08.653235
96	1	103	2024-05-02 16:40:22.846683
97	1	104	2024-05-02 16:40:24.876188
98	1	105	2024-05-02 16:40:44.087602
99	1	106	2024-05-02 16:40:45.09554
100	1	107	2024-05-02 16:40:48.12056
101	1	108	2024-05-02 16:40:49.136497
102	1	109	2024-05-02 16:40:51.150201
103	1	110	2024-05-02 16:40:54.176959
104	1	111	2024-05-02 16:40:57.221382
105	1	112	2024-05-02 16:40:59.251585
106	1	113	2024-05-02 16:41:02.279705
107	1	114	2024-05-02 16:41:04.303301
108	1	115	2024-05-02 16:41:06.324636
109	1	116	2024-05-02 16:51:44.069773
110	1	117	2024-05-02 16:51:45.072726
111	1	118	2024-05-02 16:51:47.091434
112	1	119	2024-05-02 16:52:44.172228
113	1	120	2024-05-02 16:52:45.176619
114	1	122	2024-05-02 16:53:00.331905
115	1	121	2024-05-02 16:52:49.210766
116	1	123	2024-05-02 16:52:27.009179
117	1	124	2024-05-02 16:52:53.248726
118	1	125	2024-05-02 16:52:10.795375
120	1	127	2024-05-02 16:52:40.136185
122	1	128	2024-05-02 16:52:43.160581
123	1	130	2024-05-02 16:53:07.442373
124	1	131	2024-05-02 16:53:16.518018
125	1	132	2024-05-02 16:53:18.5389
142	1	149	2024-05-02 16:53:24.592026
143	1	150	2024-05-02 16:55:52.563059
144	1	151	2024-05-02 16:55:55.04039
145	1	152	2024-05-02 16:55:52.347458
146	1	153	2024-05-02 16:55:57.058444
147	1	154	2024-05-02 16:55:57.591222
148	1	155	2024-05-02 16:55:57.803197
149	1	156	2024-05-02 16:55:58.113557
150	1	157	2024-05-02 16:55:55.780703
151	1	158	2024-05-02 16:55:57.164417
153	1	160	2024-05-02 16:55:56.304497
154	1	161	2024-05-02 16:55:59.606008
155	1	162	2024-05-02 16:55:58.751803
156	1	163	2024-05-02 16:55:58.858965
157	1	164	2024-05-02 16:56:06.821277
158	1	165	2024-05-02 16:55:59.284106
159	1	166	2024-05-02 16:55:59.925732
160	1	167	2024-05-02 16:56:08.213617
161	1	168	2024-05-02 16:56:00.658303
162	1	169	2024-05-02 16:56:08.55064
163	1	170	2024-05-02 16:56:03.190415
164	1	172	2024-05-02 16:56:03.397598
165	1	171	2024-05-02 16:56:01.107266
166	1	173	2024-05-02 16:56:09.083446
167	1	174	2024-05-02 16:56:03.61234
168	1	175	2024-05-02 16:56:03.822571
171	1	178	2024-05-02 16:56:05.944867
172	1	179	2024-05-02 16:56:12.353191
174	1	181	2024-05-02 16:56:04.357657
176	1	184	2024-05-02 16:56:15.008901
180	1	188	2024-05-02 16:56:17.415134
184	1	191	2024-05-02 16:56:14.058522
188	1	195	2024-05-02 16:56:20.009175
191	1	198	2024-05-02 16:56:15.547782
193	1	200	2024-05-02 16:56:11.326795
205	1	212	2024-05-02 16:57:45.16364
209	1	216	2024-05-02 16:56:19.903195
218	1	225	2024-05-02 16:56:23.291879
219	1	226	2024-05-02 16:57:49.229842
220	1	227	2024-05-02 16:57:50.288432
223	1	230	2024-05-02 16:56:25.07936
228	1	235	2024-05-02 16:57:53.450677
248	1	255	2024-05-02 16:58:03.3982
254	1	261	2024-05-02 16:57:52.711906
256	1	263	2024-05-02 16:57:59.547617
260	1	267	2024-05-02 16:58:03.186566
264	1	271	2024-05-02 16:58:04.575948
276	1	283	2024-05-02 16:58:04.680436
279	1	286	2024-05-02 16:58:07.483942
283	1	290	2024-05-02 16:58:10.120747
288	1	295	2024-05-02 16:58:15.330536
175	1	182	2024-05-02 16:56:08.976983
177	1	183	2024-05-02 16:56:14.48513
185	1	192	2024-05-02 16:56:19.476738
196	1	203	2024-05-02 16:56:25.906579
198	1	205	2024-05-02 16:56:17.53524
201	1	208	2024-05-02 16:57:41.758462
203	1	211	2024-05-02 16:56:20.756194
208	1	215	2024-05-02 16:57:45.698577
211	1	218	2024-05-02 16:56:21.495365
212	1	219	2024-05-02 16:57:46.552489
216	1	223	2024-05-02 16:56:23.080086
224	1	231	2024-05-02 16:57:52.084189
227	1	234	2024-05-02 16:57:39.270084
235	1	242	2024-05-02 16:57:47.723781
239	1	246	2024-05-02 16:57:41.202961
247	1	254	2024-05-02 16:57:55.992624
250	1	257	2024-05-02 16:57:48.695269
261	1	268	2024-05-02 16:57:55.133525
265	1	272	2024-05-02 16:58:13.094483
277	1	284	2024-05-02 16:58:10.226491
285	1	292	2024-05-02 16:58:11.480747
178	1	185	2024-05-02 16:56:11.009908
182	1	190	2024-05-02 16:56:07.027395
192	1	199	2024-05-02 16:56:16.210991
194	1	201	2024-05-02 16:56:11.438349
202	1	209	2024-05-02 16:56:20.653753
207	1	214	2024-05-02 16:56:19.696868
213	1	220	2024-05-02 16:56:22.236807
222	1	229	2024-05-02 16:57:51.025092
225	1	232	2024-05-02 16:57:42.511176
230	1	237	2024-05-02 16:57:39.482707
238	1	243	2024-05-02 16:57:49.021117
242	1	249	2024-05-02 16:57:50.183709
249	1	256	2024-05-02 16:57:56.972249
252	1	259	2024-05-02 16:57:48.802313
262	1	269	2024-05-02 16:58:10.863061
267	1	274	2024-05-02 16:58:14.370458
271	1	278	2024-05-02 16:58:15.751686
275	1	282	2024-05-02 16:58:07.796517
282	1	289	2024-05-02 16:58:08.958744
179	1	186	2024-05-02 16:56:05.31882
183	1	189	2024-05-02 16:56:13.524136
186	1	193	2024-05-02 16:56:14.379997
187	1	194	2024-05-02 16:56:14.802582
195	1	202	2024-05-02 16:56:24.335933
197	1	204	2024-05-02 16:57:38.285847
206	1	213	2024-05-02 16:57:45.37752
210	1	217	2024-05-02 16:56:21.18013
215	1	222	2024-05-02 16:57:47.202202
217	1	224	2024-05-02 16:56:22.978211
221	1	228	2024-05-02 16:57:40.132857
226	1	233	2024-05-02 16:57:39.050568
229	1	236	2024-05-02 16:57:53.975049
231	1	238	2024-05-02 16:57:55.238843
232	1	239	2024-05-02 16:57:55.452501
236	1	245	2024-05-02 16:57:48.909233
240	1	248	2024-05-02 16:57:41.653746
241	1	247	2024-05-02 16:57:41.308266
244	1	251	2024-05-02 16:57:44.417631
245	1	252	2024-05-02 16:57:54.603336
246	1	253	2024-05-02 16:57:46.657644
251	1	258	2024-05-02 16:57:57.075169
253	1	260	2024-05-02 16:58:04.991291
255	1	262	2024-05-02 16:55:54.291952
257	1	264	2024-05-02 16:57:54.077767
258	1	265	2024-05-02 16:58:02.459517
259	1	266	2024-05-02 16:57:54.817326
263	1	270	2024-05-02 16:58:11.693003
266	1	273	2024-05-02 16:57:57.717282
268	1	275	2024-05-02 16:58:07.029944
270	1	277	2024-05-02 16:58:00.85074
273	1	280	2024-05-02 16:58:07.692576
274	1	281	2024-05-02 16:58:01.820251
278	1	285	2024-05-02 16:58:12.358407
280	1	287	2024-05-02 16:58:14.057578
284	1	291	2024-05-02 16:58:11.272438
286	1	293	2024-05-02 16:58:11.798195
289	1	296	2024-05-02 16:58:15.64706
290	1	297	2024-05-02 16:59:16.08365
291	1	298	2024-05-02 16:59:16.299329
292	1	299	2024-05-02 16:59:16.507846
293	1	300	2024-05-02 16:59:16.715659
294	1	301	2024-05-02 16:59:17.2376
295	1	302	2024-05-02 16:59:17.550578
296	1	303	2024-05-02 16:59:18.490967
297	1	304	2024-05-02 16:59:19.885813
298	1	305	2024-05-02 16:59:20.312304
299	1	306	2024-05-02 16:59:20.52405
300	1	307	2024-05-02 16:59:21.897997
301	1	308	2024-05-02 16:59:22.440478
302	1	309	2024-05-02 16:59:22.963478
303	1	310	2024-05-02 16:59:23.600824
304	1	311	2024-05-02 16:59:24.784028
305	1	312	2024-05-02 16:59:25.20054
306	1	313	2024-05-02 16:59:25.519944
307	1	314	2024-05-02 16:59:27.553561
308	1	315	2024-05-02 16:59:28.485815
309	1	316	2024-05-02 16:59:28.589345
310	1	317	2024-05-02 16:59:28.797266
311	1	318	2024-05-02 16:59:28.902771
312	1	319	2024-05-02 16:59:29.535276
313	1	320	2024-05-02 16:59:29.85596
314	1	321	2024-05-02 16:59:30.390978
315	1	322	2024-05-02 16:59:30.600537
316	1	323	2024-05-02 16:59:30.812173
317	1	324	2024-05-02 16:59:31.34208
318	1	325	2024-05-02 16:59:31.759077
319	1	326	2024-05-02 16:59:32.075131
320	1	327	2024-05-02 16:59:32.392005
321	1	328	2024-05-02 16:59:32.608601
322	1	329	2024-05-02 16:59:33.139332
323	1	330	2024-05-02 16:59:34.096622
324	1	331	2024-05-02 16:59:34.307956
325	1	332	2024-05-02 16:59:36.072086
326	1	333	2024-05-02 16:59:36.173615
327	1	334	2024-05-02 16:59:36.379562
328	1	335	2024-05-02 16:59:37.224879
329	1	336	2024-05-02 16:59:37.438015
330	1	337	2024-05-02 16:59:37.650107
331	1	338	2024-05-02 16:59:38.0804
332	1	339	2024-05-02 16:59:38.284686
333	1	340	2024-05-02 16:59:38.493692
334	1	341	2024-05-02 16:59:39.323097
335	1	342	2024-05-02 16:59:39.429241
336	1	343	2024-05-02 16:59:39.536904
337	1	344	2024-05-02 16:59:40.287977
338	1	345	2024-05-02 16:59:40.599056
339	1	346	2024-05-02 16:59:40.915092
340	1	347	2024-05-02 16:59:41.65824
341	1	348	2024-05-02 16:59:42.182888
342	1	349	2024-05-02 16:59:42.391235
343	1	350	2024-05-02 16:59:43.318092
344	1	351	2024-05-02 16:59:43.545657
345	1	352	2024-05-02 16:59:43.866956
346	1	353	2024-05-02 16:59:43.973461
347	1	354	2024-05-02 16:59:44.19387
348	5	355	2024-05-02 17:03:50.943596
349	8	356	2024-05-02 17:03:51.050959
350	5	357	2024-05-02 17:03:51.154577
351	2	358	2024-05-02 17:03:51.365251
352	8	359	2024-05-02 17:03:52.32849
353	10	360	2024-05-02 17:03:54.665455
354	10	361	2024-05-02 17:03:55.618596
355	1	362	2024-05-02 17:03:56.36956
356	8	363	2024-05-02 17:03:57.21574
357	8	364	2024-05-02 17:03:58.572902
358	6	365	2024-05-02 17:03:58.791124
359	1	366	2024-05-02 17:03:59.114993
360	11	367	2024-05-02 17:03:59.549897
361	7	368	2024-05-02 17:03:59.763013
362	3	369	2024-05-02 17:03:59.979353
363	2	370	2024-05-02 17:04:00.501762
364	3	371	2024-05-02 17:04:01.13165
365	1	372	2024-05-02 17:04:01.34742
366	6	373	2024-05-02 17:04:01.673564
367	10	374	2024-05-02 17:04:01.77954
368	11	375	2024-05-02 17:04:02.310328
369	3	376	2024-05-02 17:04:04.096283
370	3	377	2024-05-02 17:04:04.200834
371	6	378	2024-05-02 17:04:04.72887
372	2	379	2024-05-02 17:04:04.834557
373	5	380	2024-05-02 17:04:04.943269
374	6	381	2024-05-02 17:04:05.683328
375	1	382	2024-05-02 17:04:06.211248
376	1	383	2024-05-02 17:04:06.737042
377	5	384	2024-05-02 17:04:06.844356
378	8	385	2024-05-02 17:04:07.267939
379	4	386	2024-05-02 17:04:07.793156
380	10	387	2024-05-02 17:04:08.112585
381	5	388	2024-05-02 17:04:09.018279
382	1	389	2024-05-02 17:04:09.126822
383	6	390	2024-05-02 17:04:09.232941
384	10	391	2024-05-02 17:04:09.543915
385	6	392	2024-05-02 17:04:10.177294
386	5	393	2024-05-02 17:04:10.601648
387	4	394	2024-05-02 17:04:11.338035
388	5	395	2024-05-02 17:04:11.442683
389	8	396	2024-05-02 17:04:12.089072
390	1	397	2024-05-02 17:04:12.298146
391	2	398	2024-05-02 17:04:12.408298
392	1	399	2024-05-02 17:04:13.378308
393	4	400	2024-05-02 17:04:13.48112
394	4	401	2024-05-02 17:04:13.584612
395	10	402	2024-05-02 17:04:13.688412
396	5	403	2024-05-02 17:04:14.208811
397	7	404	2024-05-02 17:04:14.312824
398	1	405	2024-05-02 17:04:14.733349
399	6	406	2024-05-02 17:04:14.839075
400	11	407	2024-05-02 17:04:15.363975
401	1	408	2024-05-02 17:04:16.203279
402	6	409	2024-05-02 17:04:16.307392
403	6	410	2024-05-02 17:04:16.835618
405	10	412	2024-05-02 17:04:18.094052
407	1	414	2024-05-02 17:04:18.527542
410	2	417	2024-05-02 17:04:19.153134
411	8	418	2024-05-02 17:04:19.362655
412	1	419	2024-05-02 17:04:20.205974
417	11	424	2024-05-02 17:04:22.752042
418	2	425	2024-05-02 17:04:23.172273
420	1	427	2024-05-02 17:04:25.280253
421	3	428	2024-05-02 17:04:25.485775
422	4	429	2024-05-02 17:04:26.550905
424	5	431	2024-05-02 17:04:27.39588
428	4	435	2024-05-02 17:04:28.032717
429	2	436	2024-05-02 17:04:28.226234
431	5	438	2024-05-02 17:04:29.069552
434	6	441	2024-05-02 17:04:30.343305
435	5	442	2024-05-02 17:04:31.198568
441	6	448	2024-05-02 17:04:33.709629
442	11	449	2024-05-02 17:04:34.60847
443	5	450	2024-05-02 17:04:34.81285
446	7	453	2024-05-02 17:04:37.132664
447	5	454	2024-05-02 17:04:37.347398
448	6	455	2024-05-02 17:04:37.971826
450	10	457	2024-05-02 17:04:39.224351
453	5	460	2024-05-02 17:04:41.523795
404	4	411	2024-05-02 17:04:17.367823
406	2	413	2024-05-02 17:04:18.404964
408	1	415	2024-05-02 17:04:18.632186
409	1	416	2024-05-02 17:04:18.841412
413	7	420	2024-05-02 17:04:20.758196
414	9	421	2024-05-02 17:04:20.96581
415	6	422	2024-05-02 17:04:21.38563
416	9	423	2024-05-02 17:04:21.595201
419	5	426	2024-05-02 17:04:23.904943
423	8	430	2024-05-02 17:04:27.28678
425	7	432	2024-05-02 17:04:27.499184
426	11	433	2024-05-02 17:04:27.709826
427	1	434	2024-05-02 17:04:27.920414
430	6	437	2024-05-02 17:04:28.75047
432	11	439	2024-05-02 17:04:29.400939
433	7	440	2024-05-02 17:04:29.814456
436	6	443	2024-05-02 17:04:31.305807
437	1	444	2024-05-02 17:04:31.512277
438	2	445	2024-05-02 17:04:31.931711
439	7	446	2024-05-02 17:04:33.195734
440	6	447	2024-05-02 17:04:33.400213
444	7	451	2024-05-02 17:04:35.747797
445	9	452	2024-05-02 17:04:35.956667
449	5	456	2024-05-02 17:04:38.075603
451	9	458	2024-05-02 17:04:39.535366
452	7	459	2024-05-02 17:04:39.954004
454	11	461	2024-05-02 17:04:42.247961
455	5	462	2024-05-02 17:04:42.451476
456	4	463	2024-05-02 17:04:42.760568
457	10	464	2024-05-02 17:04:43.282171
458	3	465	2024-05-02 17:04:43.802549
459	5	466	2024-05-02 17:04:43.9106
460	9	467	2024-05-02 17:04:44.413241
461	10	468	2024-05-02 17:04:46.946803
462	6	469	2024-05-02 17:04:47.583906
463	11	470	2024-05-02 17:04:48.103323
464	8	471	2024-05-02 17:04:48.309375
465	10	472	2024-05-02 17:04:48.929384
466	6	473	2024-05-02 17:04:49.139197
467	10	474	2024-05-02 17:04:49.245065
468	7	475	2024-05-02 17:04:49.984833
\.


--
-- Data for Name: locations; Type: TABLE DATA; Schema: public; Owner: postgres
--

COPY public.locations (id, latitude, longitude) FROM stdin;
39	1.17513	7.14797
40	13.15079	36.95811
41	24.6638	32.49014
42	29.38355	38.7768
43	18.07515	38.65208
44	15.37377	35.49455
45	19.63049	34.37088
46	28.59153	38.56709
47	13.78408	32.93919
48	2.47756	14.78487
49	2.66007	2.2003
50	16.28305	36.49136
51	14.04908	30.47674
52	24.04094	35.45851
53	23.2541	38.19573
54	11.84325	37.70752
55	26.59305	39.10186
56	28.52341	36.85741
57	20.50468	33.95512
58	2.59258	11.28184
59	25.83463	33.94698
60	29.23085	34.73746
61	2.23102	6.27898
62	12.56045	35.95328
63	1.68445	14.85169
64	17.19408	32.2307
65	17.9171	30.86527
66	24.87503	36.63572
67	23.75175	33.60465
68	1.95604	9.67361
69	29.9649	37.02599
70	18.8515	32.00563
71	25.9319	32.62148
72	18.74045	37.13869
73	11.59981	32.78622
74	18.73741	34.13608
75	20.39101	35.33251
76	29.35154	39.22574
77	19.50845	37.11709
78	2.25117	18.05818
79	16.00073	38.76773
80	2.75958	5.26757
81	19.95531	38.4502
82	18.78423	38.41028
83	14.95109	32.69481
84	29.79193	34.75816
85	26.34462	37.24982
86	22.01219	32.06192
87	28.62192	35.82642
88	20.26316	39.03439
89	15.47418	31.57901
90	22.18616	32.22131
91	28.52089	32.60542
92	24.1186	39.75828
93	10.13214	30.61257
94	28.37869	34.3754
95	15.18493	30.8659
96	15.58905	38.0964
97	29.55516	36.30686
98	24.85113	30.9002
99	2.03405	3.89636
100	18.30554	30.75627
101	16.36402	30.41364
102	24.38121	39.01996
103	18.06956	38.90566
104	20.83883	36.14423
105	22.84242	34.60546
106	27.90143	37.25937
107	2.03202	16.01499
108	11.93735	39.5707
109	17.33182	35.97074
110	2.72814	19.98286
111	22.7284	33.20785
112	28.33194	31.43698
113	26.4894	33.30325
114	10.12996	39.23812
115	16.70248	38.45664
116	17.2382	38.79181
117	26.28205	37.89246
118	16.18131	36.19687
119	14.01169	34.03977
120	17.35404	31.04481
121	24.91053	34.25946
122	18.94123	39.12397
123	23.42434	39.90347
124	21.67306	31.32347
125	1.79874	8.7656
127	27.43937	35.3512
128	18.74367	31.59938
130	29.60877	31.27258
131	28.28261	30.71721
132	2.3383	6.07826
149	20.65905	37.50037
150	15.72922	38.82938
151	11.13917	37.23293
152	10.37343	35.2993
153	17.08972	33.86128
154	24.45029	30.61233
155	22.69483	36.35206
156	17.27328	36.74469
157	22.11415	39.11835
158	2.18426	15.35904
160	17.34916	35.60053
161	14.70323	33.08745
162	26.05722	31.59379
163	18.80671	34.20283
164	29.6864	34.39018
165	26.50787	38.60262
166	22.89378	39.78483
167	12.93987	37.19986
168	11.08204	36.73351
169	28.92708	34.00403
170	15.63246	31.77907
171	22.82676	31.70303
172	29.76628	35.26419
173	17.76647	35.49397
174	29.33577	31.76752
175	2.70899	4.81175
178	22.7385	33.95272
179	2.16078	1.24929
181	29.01195	39.24216
182	1.35134	17.59581
183	22.05734	30.51662
184	13.96235	32.46263
185	17.34736	39.72003
186	24.11251	39.17139
188	1.54153	2.48189
189	22.55014	35.98914
190	20.64988	37.87095
191	17.88579	34.06867
192	20.11028	30.15663
193	13.91932	35.0644
194	27.39283	39.72855
195	1.34101	13.01214
198	17.3499	39.6808
199	23.21318	32.24575
200	25.38922	31.93374
201	1.85124	10.85549
202	15.07055	31.14885
203	18.87	34.78975
204	24.30382	32.44988
205	2.93632	7.7872
208	11.39369	31.8333
209	14.15281	36.48534
211	1.64268	9.47055
215	21.46934	30.4619
218	29.06009	33.33018
219	25.35206	37.97823
223	23.77567	35.41454
231	27.38875	34.14528
234	27.68615	31.72979
242	10.13795	36.328
246	10.41852	35.18879
254	12.10777	39.82605
257	25.34928	39.27808
268	23.17123	31.43725
272	27.63716	35.84362
284	29.98128	39.88377
292	11.93915	37.38968
212	20.17169	32.0075
216	26.96629	31.78646
225	16.12747	33.96038
226	18.39042	37.84796
227	23.58603	31.17382
230	2.42093	13.1135
235	26.1857	36.43038
255	16.52584	34.8426
261	2.08694	11.58511
263	13.89136	34.05879
267	10.25945	37.75517
271	26.62841	31.17605
283	13.36029	32.9233
286	17.34566	39.07245
290	22.11848	36.18192
295	2.82706	9.55545
213	16.78408	30.6146
224	26.25184	38.57598
233	16.10879	30.32667
238	13.30707	37.02169
248	11.59518	32.17398
251	29.45174	36.12033
253	24.43065	37.45693
258	12.14386	39.3411
264	14.38863	35.42768
270	18.56537	30.86665
273	17.58648	31.79922
277	24.62412	36.01601
281	24.98541	31.90548
285	13.85852	36.7957
287	2.45185	10.98564
291	14.9917	31.92722
296	2.94278	5.17376
214	10.9462	36.08128
220	1.7464	4.97455
229	19.89894	34.56906
232	29.6657	36.64381
237	20.03564	37.56163
243	2.97967	11.82255
249	1.53879	2.39254
256	15.8891	32.65746
259	2.28594	17.57913
269	24.18235	35.86447
274	23.95173	37.31452
278	11.17281	33.63332
282	29.77013	30.62744
289	2.89502	16.9115
217	13.8779	38.70866
222	14.2884	39.05135
228	29.75646	33.87606
236	27.89286	30.52417
239	1.62906	12.27547
245	2.3785	9.8515
247	19.4854	35.23751
252	23.19048	36.71245
260	20.42524	38.30668
262	15.70315	37.78725
265	27.46623	35.99922
266	29.94622	36.80408
275	2.04288	4.9645
280	22.16341	36.83087
293	21.65094	34.70779
297	10.09816	31.85778
298	17.60433	37.46374
299	10.41311	36.75246
300	17.95624	34.34531
301	16.32422	32.61697
302	1.33597	15.15027
303	13.72265	38.24275
304	15.94777	30.13046
305	12.62244	30.16141
306	21.94682	38.9248
307	1.63862	6.94828
308	11.64803	37.70784
309	20.83228	35.14083
310	10.58985	34.22633
311	24.0389	34.71781
312	10.88401	33.79458
313	13.69418	33.44894
314	20.02457	34.01668
315	12.80638	39.94909
316	21.48976	30.13191
317	2.79725	18.41997
318	17.12648	36.36046
319	1.73633	18.31471
320	24.99763	30.78066
321	27.35922	30.35817
322	28.17507	32.92365
323	14.87523	34.0533
324	10.45034	38.67286
325	28.99358	30.16425
326	18.08808	35.43947
327	15.57585	35.11661
328	15.90195	33.86472
329	19.62091	32.03524
330	16.79544	39.85637
331	22.86651	38.84094
332	16.48874	38.56518
333	11.05169	38.23983
334	10.89737	38.71362
335	23.71348	38.15668
336	24.68203	35.6923
337	10.21034	39.4135
338	16.63067	38.64762
339	19.79532	39.13143
340	24.6472	37.39334
341	22.69168	35.66692
342	1.28129	18.01638
343	24.49467	30.11861
344	2.50784	12.68544
345	1.24937	13.8887
346	19.03275	35.19671
347	2.04061	9.92994
348	14.627	37.98531
349	1.74293	8.12084
350	14.66655	35.19046
351	11.27816	35.59977
352	16.07491	35.16733
353	17.54205	39.79991
354	26.93376	31.27325
355	1.79055	18.71407
356	27.25522	32.58694
357	23.02927	32.43432
358	26.41891	39.27565
359	10.75037	34.95508
360	2.0509	3.7119
361	13.56683	31.71652
362	15.37125	32.59364
363	14.26032	35.20824
364	24.89805	38.90311
365	19.95646	31.9888
366	26.09856	33.26943
367	13.16886	37.54849
368	10.29244	34.65655
369	26.81809	30.59257
370	1.73385	12.22361
371	12.46615	31.7264
372	17.8497	38.38148
373	27.555	33.94141
374	17.0184	32.01569
375	13.07417	39.29358
376	24.85014	36.77664
377	2.58462	7.82638
378	29.45923	33.05547
379	23.72015	31.96576
380	28.9702	33.12771
381	23.20377	39.53516
382	15.80262	39.75557
383	1.27742	7.57634
384	13.80515	39.16528
385	17.94649	38.93686
386	25.61248	33.56867
387	24.53117	34.62816
388	10.55501	38.87244
389	28.05514	38.49874
390	21.964	35.07509
391	28.48946	31.73986
392	14.97296	39.12835
393	18.25249	31.73068
394	17.01952	39.2039
395	13.90943	36.85336
396	23.66769	33.34602
397	2.49268	4.09793
398	24.71369	30.3707
399	23.47076	36.05698
400	29.25743	35.61428
401	17.95063	37.93304
402	1.00714	19.09882
403	20.89361	33.37889
404	25.10462	36.72793
405	28.19202	31.61862
406	17.04697	33.74569
407	22.03665	39.06091
408	23.22568	37.51419
409	24.74068	38.68796
410	27.29089	39.19682
411	18.3108	34.10245
412	26.09157	31.33391
413	25.40328	38.00569
414	2.2248	15.51979
415	2.05974	5.45767
416	13.18915	34.29495
417	1.54879	1.02571
418	18.99396	36.58867
419	13.24278	32.39433
420	20.59937	30.69157
421	2.78743	5.51529
422	24.89699	34.34551
423	25.42844	31.36791
424	21.15534	35.22477
425	21.54534	31.46631
426	28.31224	37.37931
427	15.80868	32.70676
428	17.85403	31.38667
429	1.14494	13.16686
430	1.31292	4.18093
431	26.34838	30.16013
432	1.21648	17.50524
433	26.68252	30.4934
434	13.30047	37.68091
435	2.16422	10.79183
436	18.90279	37.82843
437	2.32133	7.43095
438	14.30841	33.10549
441	27.41521	35.96932
442	2.98326	14.74683
448	18.50186	36.548
449	25.54842	35.93101
450	17.02132	34.01481
453	14.90391	39.1038
454	29.16035	38.11194
455	26.02398	33.10218
457	20.94766	35.84467
460	20.1345	37.40715
439	19.69374	37.13946
440	20.71739	32.13672
443	24.7418	37.51924
444	1.48884	11.35691
445	24.3481	37.26475
446	20.23384	39.43315
447	1.71406	7.05731
451	26.36857	37.27117
452	27.98541	36.68303
456	1.58961	16.44535
458	2.04715	10.34328
459	23.46959	39.49514
461	2.70308	9.27699
462	11.76195	36.26463
463	16.8779	34.23181
464	16.31017	31.76697
465	15.33997	32.21725
466	21.99387	35.81025
467	25.78192	38.80724
468	21.82863	38.50878
469	26.9716	31.99232
470	2.0955	14.50795
471	20.08775	33.03006
472	26.96023	36.43354
473	10.87241	35.64225
474	1.2557	16.29653
475	26.88161	33.48067
\.


--
-- Data for Name: people; Type: TABLE DATA; Schema: public; Owner: postgres
--

COPY public.people (id, current_location_id, current_road_id, current_speed, login, password) FROM stdin;
1	444	4	17	danila	03ac674216f3e15c761ee1a5e255f067953623c8b388b4459e13f978d7c846f4
2	445	5	100	123	a665a45920422f9d417e4867efdc4fb8a04a1f3fff1fa07e998e86f7f7a27ae3
4	463	5	73	444	3538a1ef2e113da64249eea7bd068b585ec7ce5df73b2d1e319d8c9bf47eb314
3	465	5	82	555	91a73fd806ab2c005c13b4dc19130a884e909dea3f72d46e30266fe1a1f588d8
5	466	5	31	333	556d7dc3a115356350f1f9910b1af1ab0e312d4b3e4fc788d2da63668f36d017
9	467	5	51	777	eaf89db7108470dc3f6b23ea90618264b3e8f8b6145371667c4055e9c5ce9f52
11	470	4	64	999	83cf8b609de60036a8277bd0e96135751bbc07eb234256d4b65b893360651bf2
8	471	5	67	666	c7e616822f366fb1b5e0756af498cc11d2c0862edcb32ca65882f622ff39de1b
6	473	5	86	222	9b871512327c09ce91dd649b3f96a63b7408ef267c8cc5710114e629730cb61f
10	474	4	90	888	5e968ce47ce4a17e3823c29332a39d049a8d0afb08d157eb6224625f92671a51
7	475	5	27	111	f6e0a1e2ac41945a9aa7ff8a8aaa0cebc12a3bcc981a929ad5cf810a090e11ae
\.


--
-- Data for Name: positions; Type: TABLE DATA; Schema: public; Owner: postgres
--

COPY public.positions (id, latitude, longitude) FROM stdin;
1	1	1
2	3	20
3	10	30
4	30	50
\.


--
-- Data for Name: regions; Type: TABLE DATA; Schema: public; Owner: postgres
--

COPY public.regions (id, name) FROM stdin;
1	Almaty
\.


--
-- Data for Name: roads; Type: TABLE DATA; Schema: public; Owner: postgres
--

COPY public.roads (id, name, start_position, end_position, region_id, traffic_rate, max_speed, average_speed, max_num_of_cars) FROM stdin;
4	Seifullin	1	2	1	0	60	57	50
5	Abay	3	4	1	0	60	65	100
\.


--
-- Data for Name: traffic_history; Type: TABLE DATA; Schema: public; Owner: postgres
--

COPY public.traffic_history ("timestamp", id, road_id, average_speed, traffic_rate) FROM stdin;
2024-04-27 19:11:58.281	2	4	40	4
2024-04-27 19:11:58.281	3	5	40	0
2024-04-27 19:11:58.281	4	4	40	0
2024-04-27 19:11:58.281	5	4	40	0
2024-04-27 19:11:58.281	6	5	43	0
2024-04-27 19:11:58.281	7	4	43	0
2024-04-27 19:11:58.281	8	4	43	0
2024-04-27 19:11:58.281	9	4	43	0
2024-04-27 19:11:58.281	10	4	0	0
2024-04-27 19:11:58.281	11	5	43	0
2024-04-27 19:11:58.281	12	5	0	0
2024-04-27 19:11:58.281	13	4	43	0
2024-04-28 07:29:29.401	14	4	42	0
2024-04-28 07:29:29.401	15	4	43	0
2024-04-28 07:29:29.401	16	5	1	0
2024-04-28 07:29:29.401	17	5	1	5
2024-04-28 07:29:29.401	18	5	0	5
2024-04-28 07:29:29.401	19	4	22	3
2024-04-28 07:29:29.401	20	4	1	5
2024-04-28 07:29:29.401	21	4	36	2
2024-04-28 07:29:29.401	22	4	1	5
2024-04-28 07:29:29.401	23	5	70	-1
2024-04-28 07:29:29.401	24	4	60	0
2024-04-30 19:50:28.554486	25	5	0	0
2024-04-30 19:50:28.554486	26	4	32	2
2024-04-30 19:50:30.58593	27	4	0	0
2024-04-30 19:50:30.58593	28	5	87	0
2024-04-30 19:50:47.750282	29	5	41	2
2024-04-30 19:50:49.788917	30	5	42	2
2024-04-30 19:50:52.837452	31	5	96	0
2024-04-30 19:50:56.876442	32	5	46	1
2024-04-30 19:50:57.886812	33	5	88	0
2024-04-30 19:50:58.893325	34	5	18	4
2024-04-30 19:51:11.032902	35	5	78	0
2024-04-30 19:51:14.061326	36	5	0	0
2024-04-30 19:51:14.061326	37	4	62	0
2024-04-30 19:51:15.069474	38	4	83	0
2024-04-30 19:51:21.153788	39	4	0	0
2024-04-30 19:51:21.153788	40	5	25	3
2024-04-30 19:51:28.245025	41	5	51	1
2024-04-30 19:51:45.49732	42	5	22	3
2024-04-30 19:51:50.535527	43	5	19	3
2024-04-30 19:51:56.626925	44	5	94	0
2024-04-30 19:51:58.644543	45	5	48	1
2024-04-30 19:52:01.68502	46	5	13	4
2024-04-30 19:52:04.71363	47	5	46	1
2024-04-30 19:52:08.746309	48	5	0	0
2024-04-30 19:52:08.746309	49	4	34	2
2024-04-30 19:52:09.75262	50	4	0	0
2024-04-30 19:52:09.75262	51	5	17	4
2024-04-30 19:52:11.771768	52	5	89	0
2024-04-30 19:52:19.848577	53	5	0	0
2024-04-30 19:52:19.848577	54	4	56	0
2024-04-30 19:52:26.929878	55	4	0	0
2024-04-30 19:52:26.929878	56	5	60	0
2024-04-30 19:52:27.955028	57	5	0	0
2024-04-30 19:52:27.955028	58	4	26	3
2024-04-30 19:52:29.968216	59	4	0	0
2024-04-30 19:52:29.968216	60	5	39	2
2024-04-30 19:52:30.973552	61	5	53	1
2024-04-30 19:52:35.08659	62	5	95	0
2024-04-30 19:52:37.100988	63	5	5	5
2024-04-30 19:52:41.139446	64	5	0	0
2024-04-30 19:52:41.139446	65	4	47	1
2024-04-30 19:52:42.155295	66	4	0	0
2024-04-30 19:52:42.155295	67	5	86	0
2024-04-30 19:52:50.220596	68	5	32	2
2024-04-30 19:52:53.236086	69	5	81	0
2024-04-30 19:52:55.247486	70	5	23	3
2024-04-30 19:53:12.445148	71	5	2	5
2024-04-30 19:53:17.517638	72	5	79	0
2024-04-30 19:53:18.52519	73	5	73	0
2024-04-30 19:53:22.57314	74	5	67	0
2024-04-30 19:53:25.612721	75	5	17	4
2024-04-30 19:53:36.691452	76	5	0	0
2024-04-30 19:53:36.691452	77	4	2	5
2024-04-30 19:53:38.745243	78	4	0	0
2024-04-30 19:53:38.745243	79	5	60	0
2024-04-30 19:53:41.780462	80	5	0	0
2024-04-30 19:53:41.780462	81	4	82	0
2024-04-30 19:53:48.831643	82	4	0	0
2024-04-30 19:53:48.831643	83	5	87	0
2024-04-30 19:53:50.853367	84	5	55	0
2024-04-30 19:54:14.061785	85	5	53	1
2024-04-30 19:54:23.180359	86	5	93	0
2024-04-30 19:54:26.200672	87	5	7	4
2024-04-30 19:54:27.218827	88	5	46	1
2024-04-30 19:54:29.231273	89	5	11	4
2024-04-30 19:54:31.252948	90	5	88	0
2024-04-30 19:54:36.309501	91	5	28	3
2024-04-30 19:54:37.319427	92	5	87	0
2024-04-30 19:54:41.355474	93	5	34	2
2024-04-30 19:54:45.388503	94	5	95	0
2024-04-30 19:54:55.487461	95	5	67	0
2024-04-30 19:54:56.499484	96	5	78	0
2024-05-02 14:48:51.874642	97	5	84	0
2024-05-02 14:48:43.813539	98	5	100	0
2024-05-02 14:48:52.883213	99	5	67	0
2024-05-02 14:49:01.968002	100	5	61	0
2024-05-02 14:48:46.840515	101	5	0	0
2024-05-02 14:48:46.840515	102	4	36	2
2024-05-02 16:39:56.510304	103	4	0	0
2024-05-02 16:39:56.510304	104	5	84	0
2024-05-02 16:40:03.586043	105	5	99	0
2024-05-02 16:40:08.653235	106	5	82	0
2024-05-02 16:40:22.846683	107	5	87	0
2024-05-02 16:40:24.876188	108	5	52	1
2024-05-02 16:40:44.087602	109	5	40	2
2024-05-02 16:40:45.09554	110	5	45	1
2024-05-02 16:40:48.12056	111	5	0	0
2024-05-02 16:40:48.12056	112	4	13	4
2024-05-02 16:40:49.136497	113	4	0	0
2024-05-02 16:40:49.136497	114	5	12	4
2024-05-02 16:40:51.150201	115	5	51	1
2024-05-02 16:40:54.176959	116	5	0	0
2024-05-02 16:40:54.176959	117	4	33	2
2024-05-02 16:40:57.221382	118	4	0	0
2024-05-02 16:40:57.221382	119	5	89	0
2024-05-02 16:40:59.251585	120	5	51	1
2024-05-02 16:41:02.279705	121	5	83	0
2024-05-02 16:41:04.303301	122	5	84	0
2024-05-02 16:41:06.324636	123	5	57	0
2024-05-02 16:51:44.069773	124	5	27	3
2024-05-02 16:51:45.072726	125	5	79	0
2024-05-02 16:51:47.091434	126	5	75	0
2024-05-02 16:52:44.172228	127	5	33	2
2024-05-02 16:52:45.176619	128	5	50	1
2024-05-02 16:53:00.331905	129	5	58	0
2024-05-02 16:52:49.210766	130	5	35	2
2024-05-02 16:52:27.009179	131	5	93	0
2024-05-02 16:52:53.248726	132	5	43	1
2024-05-02 16:52:10.795375	133	5	0	0
2024-05-02 16:52:10.795375	134	4	11	4
2024-05-02 16:52:40.136185	135	4	0	0
2024-05-02 16:52:40.136185	136	5	72	0
2024-05-02 16:52:43.160581	137	4	0	0
2024-05-02 16:52:43.160581	138	5	2	5
2024-05-02 16:53:07.442373	139	5	75	0
2024-05-02 16:53:16.518018	140	5	71	0
2024-05-02 16:53:18.5389	141	5	0	0
2024-05-02 16:53:18.5389	142	4	69	0
2024-05-02 16:53:24.592026	157	4	0	0
2024-05-02 16:53:24.592026	158	5	48	1
2024-05-02 16:55:52.563059	159	5	97	0
2024-05-02 16:55:55.04039	160	5	1	5
2024-05-02 16:55:52.347458	161	5	58	0
2024-05-02 16:55:57.058444	162	5	7	4
2024-05-02 16:55:57.591222	163	5	6	5
2024-05-02 16:55:57.803197	164	5	49	1
2024-05-02 16:55:58.113557	165	5	46	1
2024-05-02 16:55:55.780703	166	5	56	0
2024-05-02 16:55:57.164417	167	5	0	0
2024-05-02 16:55:57.164417	168	4	50	1
2024-05-02 16:55:56.304497	170	4	0	0
2024-05-02 16:55:56.304497	171	5	23	3
2024-05-02 16:55:59.606008	172	5	56	0
2024-05-02 16:55:59.925732	177	5	82	0
2024-05-02 16:56:03.397598	182	5	80	0
2024-05-02 16:56:11.009908	200	4	0	0
2024-05-02 16:56:11.009908	201	5	44	1
2024-05-02 16:56:07.027395	205	4	0	0
2024-05-02 16:56:07.027395	206	5	29	3
2024-05-02 16:56:16.210991	217	5	27	3
2024-05-02 16:56:11.438349	219	5	0	0
2024-05-02 16:56:11.438349	220	4	70	0
2024-05-02 16:56:20.653753	229	5	38	2
2024-05-02 16:56:19.696868	236	5	95	0
2024-05-02 16:56:22.236807	242	5	0	0
2024-05-02 16:56:22.236807	243	4	4	5
2024-05-02 16:57:51.025092	254	5	97	0
2024-05-02 16:57:42.511176	259	5	29	3
2024-05-02 16:57:39.482707	264	5	4	5
2024-05-02 16:57:49.021117	273	5	0	0
2024-05-02 16:57:49.021117	274	4	100	0
2024-05-02 16:57:50.183709	280	5	0	0
2024-05-02 16:57:50.183709	281	4	87	0
2024-05-02 16:57:56.972249	288	5	66	0
2024-05-02 16:57:48.802313	291	5	0	0
2024-05-02 16:57:48.802313	292	4	66	0
2024-05-02 16:58:10.863061	305	5	87	0
2024-05-02 16:58:14.370458	310	5	82	0
2024-05-02 16:58:15.751686	316	5	1	5
2024-05-02 16:58:07.796517	321	5	82	0
2024-05-02 16:58:08.958744	328	4	87	0
2024-05-02 16:55:58.751803	173	5	40	2
2024-05-02 16:56:00.658303	179	5	65	0
2024-05-02 16:56:03.190415	181	5	34	2
2024-05-02 16:56:03.61234	185	5	12	4
2024-05-02 16:56:08.976983	194	5	0	0
2024-05-02 16:56:08.976983	195	4	46	1
2024-05-02 16:56:14.48513	198	4	0	0
2024-05-02 16:56:14.48513	199	5	60	0
2024-05-02 16:56:19.476738	210	5	14	4
2024-05-02 16:56:25.906579	223	5	52	1
2024-05-02 16:56:17.53524	225	5	0	0
2024-05-02 16:56:17.53524	226	4	51	1
2024-05-02 16:57:41.758462	228	5	23	3
2024-05-02 16:56:20.756194	230	5	0	0
2024-05-02 16:56:20.756194	231	4	96	0
2024-05-02 16:57:45.698577	237	5	11	4
2024-05-02 16:56:21.495365	240	5	10	4
2024-05-02 16:57:46.552489	241	5	78	0
2024-05-02 16:56:23.080086	247	4	0	0
2024-05-02 16:56:23.080086	248	5	93	0
2024-05-02 16:57:52.084189	257	4	0	0
2024-05-02 16:57:52.084189	258	5	52	1
2024-05-02 16:57:39.270084	261	5	26	3
2024-05-02 16:57:47.723781	270	5	22	3
2024-05-02 16:57:41.202961	275	4	0	0
2024-05-02 16:57:41.202961	276	5	98	0
2024-05-02 16:57:55.992624	286	5	3	5
2024-05-02 16:57:48.695269	289	5	61	0
2024-05-02 16:57:55.133525	304	5	84	0
2024-05-02 16:58:13.094483	308	5	89	0
2024-05-02 16:58:10.226491	323	5	34	2
2024-05-02 16:58:11.480747	333	5	40	2
2024-05-02 16:55:58.858965	174	5	42	2
2024-05-02 16:56:08.55064	180	5	50	1
2024-05-02 16:56:09.083446	184	5	65	0
2024-05-02 16:56:12.353191	190	5	0	0
2024-05-02 16:56:12.353191	191	4	61	0
2024-05-02 16:56:05.31882	202	5	21	3
2024-05-02 16:56:13.524136	207	4	0	0
2024-05-02 16:56:13.524136	208	5	66	0
2024-05-02 16:56:14.802582	212	5	11	4
2024-05-02 16:57:38.285847	224	5	6	5
2024-05-02 16:56:21.18013	239	5	2	5
2024-05-02 16:57:47.202202	245	4	0	0
2024-05-02 16:57:47.202202	246	5	5	5
2024-05-02 16:57:40.132857	253	5	63	0
2024-05-02 16:57:53.975049	263	5	99	0
2024-05-02 16:57:55.452501	266	5	0	0
2024-05-02 16:57:55.452501	267	4	47	1
2024-05-02 16:57:48.909233	271	5	0	0
2024-05-02 16:57:48.909233	272	4	41	2
2024-05-02 16:57:41.308266	278	4	0	0
2024-05-02 16:57:41.308266	279	5	37	2
2024-05-02 16:57:54.603336	284	5	81	0
2024-05-02 16:58:04.991291	293	4	0	0
2024-05-02 16:58:04.991291	294	5	93	0
2024-05-02 16:55:54.291952	297	4	0	0
2024-05-02 16:55:54.291952	298	5	80	0
2024-05-02 16:58:02.459517	301	5	34	2
2024-05-02 16:57:54.817326	302	5	4	5
2024-05-02 16:58:07.029944	311	5	0	0
2024-05-02 16:58:07.029944	312	4	29	3
2024-05-02 16:58:07.692576	318	4	0	0
2024-05-02 16:58:07.692576	319	5	55	0
2024-05-02 16:58:11.798195	334	5	84	0
2024-05-02 16:56:06.821277	175	5	13	4
2024-05-02 16:55:59.284106	176	5	80	0
2024-05-02 16:56:08.213617	178	5	23	3
2024-05-02 16:56:01.107266	183	5	1	5
2024-05-02 16:56:03.822571	186	5	0	0
2024-05-02 16:56:03.822571	187	4	66	0
2024-05-02 16:56:05.944867	189	5	75	0
2024-05-02 16:56:04.357657	193	5	43	1
2024-05-02 16:56:15.008901	196	4	0	0
2024-05-02 16:56:15.008901	197	5	47	1
2024-05-02 16:56:17.415134	203	5	0	0
2024-05-02 16:56:17.415134	204	4	10	4
2024-05-02 16:56:14.058522	209	5	100	0
2024-05-02 16:56:14.379997	211	5	32	2
2024-05-02 16:56:20.009175	213	5	0	0
2024-05-02 16:56:20.009175	214	4	35	2
2024-05-02 16:56:15.547782	216	5	16	4
2024-05-02 16:56:11.326795	218	5	32	2
2024-05-02 16:56:24.335933	221	4	0	0
2024-05-02 16:56:24.335933	222	5	63	0
2024-05-02 16:57:45.16364	232	4	0	0
2024-05-02 16:57:45.16364	233	5	70	0
2024-05-02 16:57:45.37752	234	4	0	0
2024-05-02 16:57:45.37752	235	5	63	0
2024-05-02 16:56:19.903195	238	5	3	5
2024-05-02 16:56:22.978211	249	5	61	0
2024-05-02 16:56:23.291879	250	5	42	2
2024-05-02 16:57:49.229842	251	5	6	5
2024-05-02 16:57:50.288432	252	5	23	3
2024-05-02 16:56:25.07936	255	5	0	0
2024-05-02 16:56:25.07936	256	4	50	1
2024-05-02 16:57:39.050568	260	5	90	0
2024-05-02 16:57:53.450677	262	5	95	0
2024-05-02 16:57:55.238843	265	5	85	0
2024-05-02 16:57:41.653746	277	5	91	0
2024-05-02 16:57:44.417631	282	4	0	0
2024-05-02 16:57:44.417631	283	5	95	0
2024-05-02 16:57:46.657644	285	5	25	3
2024-05-02 16:58:03.3982	287	5	66	0
2024-05-02 16:57:57.075169	290	5	24	3
2024-05-02 16:57:52.711906	295	5	0	0
2024-05-02 16:57:52.711906	296	4	1	5
2024-05-02 16:57:59.547617	299	5	87	0
2024-05-02 16:57:54.077767	300	5	58	0
2024-05-02 16:58:03.186566	303	5	49	1
2024-05-02 16:58:11.693003	306	5	94	0
2024-05-02 16:58:04.575948	307	5	13	4
2024-05-02 16:57:57.717282	309	5	11	4
2024-05-02 16:58:00.85074	314	4	0	0
2024-05-02 16:58:00.85074	315	5	57	0
2024-05-02 16:58:01.820251	320	5	14	4
2024-05-02 16:58:04.680436	322	5	17	4
2024-05-02 16:58:12.358407	324	5	65	0
2024-05-02 16:58:07.483942	325	5	74	0
2024-05-02 16:58:14.057578	326	5	0	0
2024-05-02 16:58:14.057578	327	4	60	0
2024-05-02 16:58:10.120747	329	4	0	0
2024-05-02 16:58:10.120747	330	5	54	1
2024-05-02 16:58:11.272438	331	4	0	0
2024-05-02 16:58:11.272438	332	5	83	0
2024-05-02 16:58:15.330536	336	4	45	1
2024-05-02 16:58:15.64706	337	4	61	0
2024-05-02 16:59:16.08365	338	4	0	0
2024-05-02 16:59:16.08365	339	5	0	5
2024-05-02 16:59:16.299329	340	5	48	1
2024-05-02 16:59:16.507846	341	5	7	4
2024-05-02 16:59:16.715659	342	5	86	0
2024-05-02 16:59:17.2376	343	5	44	1
2024-05-02 16:59:17.550578	344	5	0	0
2024-05-02 16:59:17.550578	345	4	25	3
2024-05-02 16:59:18.490967	346	4	0	0
2024-05-02 16:59:18.490967	347	5	2	5
2024-05-02 16:59:19.885813	348	5	54	1
2024-05-02 16:59:20.312304	349	5	50	1
2024-05-02 16:59:20.52405	350	5	74	0
2024-05-02 16:59:21.897997	351	5	0	0
2024-05-02 16:59:21.897997	352	4	38	2
2024-05-02 16:59:22.440478	353	4	0	0
2024-05-02 16:59:22.440478	354	5	98	0
2024-05-02 16:59:22.963478	355	5	42	2
2024-05-02 16:59:23.600824	356	5	94	0
2024-05-02 16:59:24.784028	357	5	41	2
2024-05-02 16:59:25.20054	358	5	62	0
2024-05-02 16:59:25.519944	359	5	6	5
2024-05-02 16:59:27.553561	360	5	20	3
2024-05-02 16:59:28.485815	361	5	21	3
2024-05-02 16:59:28.589345	362	5	87	0
2024-05-02 16:59:28.797266	363	5	0	0
2024-05-02 16:59:28.797266	364	4	15	4
2024-05-02 16:59:28.902771	365	4	0	0
2024-05-02 16:59:28.902771	366	5	63	0
2024-05-02 16:59:29.535276	367	5	0	0
2024-05-02 16:59:29.535276	368	4	82	0
2024-05-02 16:59:29.85596	369	4	0	0
2024-05-02 16:59:29.85596	370	5	34	2
2024-05-02 16:59:30.390978	371	5	62	0
2024-05-02 16:59:30.600537	372	5	84	0
2024-05-02 16:59:30.812173	373	5	8	4
2024-05-02 16:59:31.34208	374	5	79	0
2024-05-02 16:59:31.759077	375	5	29	3
2024-05-02 16:59:32.075131	376	5	60	0
2024-05-02 16:59:32.392005	377	5	74	0
2024-05-02 16:59:32.608601	378	5	22	3
2024-05-02 16:59:33.139332	379	5	70	0
2024-05-02 16:59:34.096622	380	5	80	0
2024-05-02 16:59:34.307956	381	5	54	1
2024-05-02 16:59:36.072086	382	5	72	0
2024-05-02 16:59:36.173615	383	5	63	0
2024-05-02 16:59:36.379562	384	5	97	0
2024-05-02 16:59:37.224879	385	5	31	2
2024-05-02 16:59:37.438015	386	5	13	4
2024-05-02 16:59:37.650107	387	5	32	2
2024-05-02 16:59:38.0804	388	5	63	0
2024-05-02 16:59:38.284686	389	5	32	2
2024-05-02 16:59:38.493692	390	5	40	2
2024-05-02 16:59:39.323097	391	5	40	2
2024-05-02 16:59:39.429241	392	5	0	0
2024-05-02 16:59:39.429241	393	4	26	3
2024-05-02 16:59:39.536904	394	4	0	0
2024-05-02 16:59:39.536904	395	5	29	3
2024-05-02 16:59:40.287977	396	5	0	0
2024-05-02 16:59:40.287977	397	4	11	4
2024-05-02 16:59:40.599056	398	4	39	2
2024-05-02 16:59:40.915092	399	4	0	0
2024-05-02 16:59:40.915092	400	5	36	2
2024-05-02 16:59:41.65824	401	5	0	0
2024-05-02 16:59:41.65824	402	4	97	0
2024-05-02 16:59:42.182888	403	4	0	0
2024-05-02 16:59:42.182888	404	5	6	5
2024-05-02 16:59:42.391235	405	5	0	0
2024-05-02 16:59:42.391235	406	4	48	1
2024-05-02 16:59:43.318092	407	4	0	0
2024-05-02 16:59:43.318092	408	5	0	5
2024-05-02 16:59:43.545657	409	5	95	0
2024-05-02 16:59:43.866956	410	5	92	0
2024-05-02 16:59:43.973461	411	5	27	3
2024-05-02 16:59:44.19387	412	5	4	5
2024-05-02 17:03:50.943596	413	4	27	3
2024-05-02 17:03:51.050959	414	5	39	2
2024-05-02 17:03:51.154577	415	4	0	0
2024-05-02 17:03:51.154577	416	5	28	3
2024-05-02 17:03:51.365251	417	4	0	0
2024-05-02 17:03:51.365251	418	5	29	3
2024-05-02 17:03:52.32849	419	5	17	4
2024-05-02 17:03:54.665455	420	4	40	2
2024-05-02 17:03:55.618596	421	4	0	0
2024-05-02 17:03:55.618596	422	5	27	3
2024-05-02 17:03:56.36956	423	5	35	2
2024-05-02 17:03:57.21574	424	5	30	3
2024-05-02 17:03:58.572902	425	5	41	2
2024-05-02 17:03:58.791124	426	5	45	1
2024-05-02 17:03:59.114993	427	5	45	1
2024-05-02 17:03:59.549897	428	5	45	1
2024-05-02 17:03:59.763013	429	5	52	1
2024-05-02 17:03:59.979353	430	5	47	1
2024-05-02 17:04:01.673564	435	5	63	0
2024-05-02 17:04:02.310328	437	5	67	0
2024-05-02 17:04:04.200834	439	5	65	0
2024-05-02 17:04:04.200834	440	4	37	2
2024-05-02 17:04:04.834557	442	4	44	1
2024-05-02 17:04:04.834557	443	5	60	0
2024-05-02 17:04:05.683328	445	5	74	0
2024-05-02 17:04:06.737042	447	5	74	0
2024-05-02 17:04:06.737042	448	4	71	0
2024-05-02 17:04:07.793156	451	5	64	0
2024-05-02 17:04:09.126822	454	4	44	1
2024-05-02 17:04:09.126822	455	5	63	0
2024-05-02 17:04:09.543915	457	5	55	0
2024-05-02 17:04:10.177294	458	5	61	0
2024-05-02 17:04:10.601648	459	5	60	0
2024-05-02 17:04:11.442683	461	5	72	0
2024-05-02 17:04:12.089072	462	5	66	0
2024-05-02 17:04:12.298146	463	5	65	0
2024-05-02 17:04:12.298146	464	4	66	0
2024-05-02 17:04:13.378308	466	4	44	1
2024-05-02 17:04:13.378308	467	5	57	0
2024-05-02 17:04:13.584612	469	5	58	0
2024-05-02 17:04:14.208811	472	5	68	0
2024-05-02 17:04:14.839075	475	5	53	1
2024-05-02 17:04:16.307392	478	5	58	0
2024-05-02 17:04:17.367823	480	5	54	1
2024-05-02 17:04:18.404964	483	5	51	1
2024-05-02 17:04:18.632186	486	4	23	3
2024-05-02 17:04:18.841412	487	4	44	1
2024-05-02 17:04:18.841412	488	5	47	1
2024-05-02 17:04:20.758196	493	5	54	1
2024-05-02 17:04:20.96581	494	4	51	1
2024-05-02 17:04:21.38563	495	5	51	1
2024-05-02 17:04:21.595201	496	4	35	2
2024-05-02 17:04:21.595201	497	5	54	1
2024-05-02 17:04:23.904943	501	5	54	1
2024-05-02 17:04:27.28678	507	5	65	0
2024-05-02 17:04:27.28678	508	4	75	0
2024-05-02 17:04:27.499184	510	5	66	0
2024-05-02 17:04:27.499184	511	4	55	1
2024-05-02 17:04:27.709826	512	5	62	0
2024-05-02 17:04:27.920414	513	5	60	0
2024-05-02 17:04:28.75047	516	5	53	1
2024-05-02 17:04:28.75047	517	4	48	1
2024-05-02 17:04:29.400939	519	5	61	0
2024-05-02 17:04:29.814456	520	4	59	0
2024-05-02 17:04:29.814456	521	5	64	0
2024-05-02 17:04:31.305807	526	5	61	0
2024-05-02 17:04:31.512277	527	5	67	0
2024-05-02 17:04:31.512277	528	4	56	0
2024-05-02 17:04:31.931711	529	5	75	0
2024-05-02 17:04:33.195734	530	5	69	0
2024-05-02 17:04:33.400213	531	5	71	0
2024-05-02 17:04:33.400213	532	4	51	1
2024-05-02 17:04:35.747797	538	5	58	0
2024-05-02 17:04:35.956667	539	5	57	0
2024-05-02 17:04:38.075603	543	5	51	1
2024-05-02 17:04:38.075603	544	4	50	1
2024-05-02 17:04:39.535366	546	5	46	1
2024-05-02 17:04:39.535366	547	4	53	1
2024-05-02 17:04:39.954004	548	5	55	1
2024-05-02 17:04:00.501762	431	5	49	1
2024-05-02 17:04:00.501762	432	4	29	3
2024-05-02 17:04:01.13165	433	5	58	0
2024-05-02 17:04:01.34742	434	5	62	0
2024-05-02 17:04:01.77954	436	5	64	0
2024-05-02 17:04:04.096283	438	5	67	0
2024-05-02 17:04:04.72887	441	5	56	0
2024-05-02 17:04:04.943269	444	5	64	0
2024-05-02 17:04:06.211248	446	5	73	0
2024-05-02 17:04:06.844356	449	5	71	0
2024-05-02 17:04:07.267939	450	5	73	0
2024-05-02 17:04:08.112585	452	5	60	0
2024-05-02 17:04:09.018279	453	5	62	0
2024-05-02 17:04:09.232941	456	5	59	0
2024-05-02 17:04:11.338035	460	5	67	0
2024-05-02 17:04:12.408298	465	5	61	0
2024-05-02 17:04:13.48112	468	5	51	1
2024-05-02 17:04:13.688412	470	5	64	0
2024-05-02 17:04:13.688412	471	4	66	0
2024-05-02 17:04:14.312824	473	5	60	0
2024-05-02 17:04:14.733349	474	5	64	0
2024-05-02 17:04:15.363975	476	5	50	1
2024-05-02 17:04:16.203279	477	5	51	1
2024-05-02 17:04:16.835618	479	5	62	0
2024-05-02 17:04:18.094052	481	4	44	1
2024-05-02 17:04:18.094052	482	5	55	1
2024-05-02 17:04:18.527542	484	5	49	1
2024-05-02 17:04:18.527542	485	4	66	0
2024-05-02 17:04:19.153134	489	5	49	1
2024-05-02 17:04:19.153134	490	4	35	2
2024-05-02 17:04:19.362655	491	5	50	1
2024-05-02 17:04:20.205974	492	5	47	1
2024-05-02 17:04:22.752042	498	5	60	0
2024-05-02 17:04:23.172273	499	4	44	1
2024-05-02 17:04:23.172273	500	5	62	0
2024-05-02 17:04:25.280253	502	5	56	0
2024-05-02 17:04:25.485775	503	4	0	0
2024-05-02 17:04:25.485775	504	5	56	0
2024-05-02 17:04:26.550905	505	5	61	0
2024-05-02 17:04:26.550905	506	4	81	0
2024-05-02 17:04:27.39588	509	5	68	0
2024-05-02 17:04:28.032717	514	4	45	1
2024-05-02 17:04:28.226234	515	5	56	0
2024-05-02 17:04:29.069552	518	5	60	0
2024-05-02 17:04:30.343305	522	4	61	0
2024-05-02 17:04:30.343305	523	5	62	0
2024-05-02 17:04:31.198568	524	5	59	0
2024-05-02 17:04:31.198568	525	4	68	0
2024-05-02 17:04:33.709629	533	4	56	0
2024-05-02 17:04:33.709629	534	5	64	0
2024-05-02 17:04:34.60847	535	5	59	0
2024-05-02 17:04:34.81285	536	4	46	1
2024-05-02 17:04:34.81285	537	5	62	0
2024-05-02 17:04:37.132664	540	5	56	0
2024-05-02 17:04:37.347398	541	5	58	0
2024-05-02 17:04:37.971826	542	5	56	0
2024-05-02 17:04:39.224351	545	5	49	1
2024-05-02 17:04:41.523795	549	4	51	1
2024-05-02 17:04:41.523795	550	5	53	1
2024-05-02 17:04:42.247961	551	5	55	0
2024-05-02 17:04:42.247961	552	4	41	2
2024-05-02 17:04:42.451476	553	5	61	0
2024-05-02 17:04:42.760568	554	4	38	2
2024-05-02 17:04:42.760568	555	5	62	0
2024-05-02 17:04:43.282171	556	5	68	0
2024-05-02 17:04:43.802549	557	5	71	0
2024-05-02 17:04:43.9106	558	5	64	0
2024-05-02 17:04:44.413241	559	4	28	3
2024-05-02 17:04:44.413241	560	5	63	0
2024-05-02 17:04:46.946803	561	5	54	1
2024-05-02 17:04:47.583906	562	5	64	0
2024-05-02 17:04:48.103323	563	4	50	1
2024-05-02 17:04:48.309375	564	4	41	2
2024-05-02 17:04:48.309375	565	5	64	0
2024-05-02 17:04:48.929384	566	5	72	0
2024-05-02 17:04:49.139197	567	5	72	0
2024-05-02 17:04:49.245065	568	5	70	0
2024-05-02 17:04:49.245065	569	4	57	0
2024-05-02 17:04:49.984833	570	5	65	0
\.


--
-- Name: history_id_seq; Type: SEQUENCE SET; Schema: public; Owner: postgres
--

SELECT pg_catalog.setval('public.history_id_seq', 468, true);


--
-- Name: locations_id_seq; Type: SEQUENCE SET; Schema: public; Owner: postgres
--

SELECT pg_catalog.setval('public.locations_id_seq', 475, true);


--
-- Name: people_id_seq; Type: SEQUENCE SET; Schema: public; Owner: postgres
--

SELECT pg_catalog.setval('public.people_id_seq', 11, true);


--
-- Name: positions_id_seq; Type: SEQUENCE SET; Schema: public; Owner: postgres
--

SELECT pg_catalog.setval('public.positions_id_seq', 4, true);


--
-- Name: regions_id_seq; Type: SEQUENCE SET; Schema: public; Owner: postgres
--

SELECT pg_catalog.setval('public.regions_id_seq', 1, true);


--
-- Name: roads_id_seq; Type: SEQUENCE SET; Schema: public; Owner: postgres
--

SELECT pg_catalog.setval('public.roads_id_seq', 5, true);


--
-- Name: traffic_history_id_seq; Type: SEQUENCE SET; Schema: public; Owner: postgres
--

SELECT pg_catalog.setval('public.traffic_history_id_seq', 570, true);


--
-- Name: alembic_version alembic_version_pkc; Type: CONSTRAINT; Schema: public; Owner: postgres
--

ALTER TABLE ONLY public.alembic_version
    ADD CONSTRAINT alembic_version_pkc PRIMARY KEY (version_num);


--
-- Name: history history_pkey; Type: CONSTRAINT; Schema: public; Owner: postgres
--

ALTER TABLE ONLY public.history
    ADD CONSTRAINT history_pkey PRIMARY KEY (id);


--
-- Name: locations locations_pkey; Type: CONSTRAINT; Schema: public; Owner: postgres
--

ALTER TABLE ONLY public.locations
    ADD CONSTRAINT locations_pkey PRIMARY KEY (id);


--
-- Name: people people_login_key; Type: CONSTRAINT; Schema: public; Owner: postgres
--

ALTER TABLE ONLY public.people
    ADD CONSTRAINT people_login_key UNIQUE (login);


--
-- Name: people people_pkey; Type: CONSTRAINT; Schema: public; Owner: postgres
--

ALTER TABLE ONLY public.people
    ADD CONSTRAINT people_pkey PRIMARY KEY (id);


--
-- Name: positions positions_pkey; Type: CONSTRAINT; Schema: public; Owner: postgres
--

ALTER TABLE ONLY public.positions
    ADD CONSTRAINT positions_pkey PRIMARY KEY (id);


--
-- Name: regions regions_pkey; Type: CONSTRAINT; Schema: public; Owner: postgres
--

ALTER TABLE ONLY public.regions
    ADD CONSTRAINT regions_pkey PRIMARY KEY (id);


--
-- Name: roads roads_pkey; Type: CONSTRAINT; Schema: public; Owner: postgres
--

ALTER TABLE ONLY public.roads
    ADD CONSTRAINT roads_pkey PRIMARY KEY (id);


--
-- Name: traffic_history traffic_history_pkey; Type: CONSTRAINT; Schema: public; Owner: postgres
--

ALTER TABLE ONLY public.traffic_history
    ADD CONSTRAINT traffic_history_pkey PRIMARY KEY (id);


--
-- Name: history history_location_id_fkey; Type: FK CONSTRAINT; Schema: public; Owner: postgres
--

ALTER TABLE ONLY public.history
    ADD CONSTRAINT history_location_id_fkey FOREIGN KEY (location_id) REFERENCES public.locations(id);


--
-- Name: history history_person_id_fkey; Type: FK CONSTRAINT; Schema: public; Owner: postgres
--

ALTER TABLE ONLY public.history
    ADD CONSTRAINT history_person_id_fkey FOREIGN KEY (person_id) REFERENCES public.people(id);


--
-- Name: people people_current_location_id_fkey; Type: FK CONSTRAINT; Schema: public; Owner: postgres
--

ALTER TABLE ONLY public.people
    ADD CONSTRAINT people_current_location_id_fkey FOREIGN KEY (current_location_id) REFERENCES public.locations(id);


--
-- Name: people people_current_road_id_fkey; Type: FK CONSTRAINT; Schema: public; Owner: postgres
--

ALTER TABLE ONLY public.people
    ADD CONSTRAINT people_current_road_id_fkey FOREIGN KEY (current_road_id) REFERENCES public.roads(id);


--
-- Name: roads roads_end_position_fkey; Type: FK CONSTRAINT; Schema: public; Owner: postgres
--

ALTER TABLE ONLY public.roads
    ADD CONSTRAINT roads_end_position_fkey FOREIGN KEY (end_position) REFERENCES public.positions(id);


--
-- Name: roads roads_region_id_fkey; Type: FK CONSTRAINT; Schema: public; Owner: postgres
--

ALTER TABLE ONLY public.roads
    ADD CONSTRAINT roads_region_id_fkey FOREIGN KEY (region_id) REFERENCES public.regions(id);


--
-- Name: roads roads_start_position_fkey; Type: FK CONSTRAINT; Schema: public; Owner: postgres
--

ALTER TABLE ONLY public.roads
    ADD CONSTRAINT roads_start_position_fkey FOREIGN KEY (start_position) REFERENCES public.positions(id);


--
-- Name: traffic_history traffic_history_road_id_fkey; Type: FK CONSTRAINT; Schema: public; Owner: postgres
--

ALTER TABLE ONLY public.traffic_history
    ADD CONSTRAINT traffic_history_road_id_fkey FOREIGN KEY (road_id) REFERENCES public.roads(id);


--
-- PostgreSQL database dump complete
--

